SalesID,ProductID,CustomerID,SaleDate,Quantity,UnitPrice,TotalPrice,StoreLocation,SalesChannel,Discount,MarketTrendID
1,66,513,2023-12-10 07:49:33.375562,48,440.87,21161.760000000002,Los Angeles,Online,0.09053320599126455,1
2,30,629,2024-06-01 02:52:45.414001,18,792.64,14267.52,Los Angeles,Online,0.086727983043609,1
3,91,844,2023-12-20 06:58:09.346316,32,214.67,6869.44,New York,Online,0.09008215218004231,8
4,43,439,2023-08-15 10:46:44.696138,81,564.02,45685.619999999995,Chicago,Online,0.11430798777418126,2
5,47,638,2023-08-15 11:11:27.731121,24,879.75,21114.0,New York,Online,0.23812112316100975,2
6,86,654,2023-07-23 14:06:16.454738,98,367.42,36007.16,Houston,Online,0.21219754348735978,1
7,79,558,2024-03-20 11:51:30.234078,66,685.21,45223.86,New York,Online,0.04026917309808182,2
8,57,103,2023-06-28 02:53:49.066796,58,872.43,50600.939999999995,Chicago,Offline,0.1479495995492626,10
9,81,614,2024-02-14 03:11:20.537914,88,374.79,32981.520000000004,Chicago,Offline,0.2624036948645443,7
10,84,473,2024-06-16 12:56:51.919044,9,408.88,3679.92,Chicago,Online,0.020200336258581253,8
11,13,691,2024-05-18 16:03:34.357814,88,807.45,71055.6,Houston,Online,0.23254810751178145,7
12,27,1000,2024-04-01 08:04:12.315712,54,203.31,10978.74,Los Angeles,Offline,0.2761300708190689,6
13,32,627,2023-09-14 04:50:35.101264,90,443.23,39890.700000000004,New York,Offline,0.24107674312514393,1
14,92,617,2024-05-25 16:47:11.922652,22,263.87,5805.14,Chicago,Online,0.09557001499796143,5
15,20,372,2023-12-27 19:19:41.521412,36,942.28,33922.08,Los Angeles,Offline,0.24480336315473555,9
16,71,486,2024-03-19 02:10:18.489472,66,430.47,28411.02,Houston,Online,0.008938414773873716,4
17,6,381,2024-06-01 19:30:58.027391,40,364.75,14590.0,New York,Offline,0.1037380882679087,7
18,7,170,2023-06-28 12:31:37.296707,73,541.06,39497.38,New York,Offline,0.21200114694293146,1
19,83,128,2024-05-30 06:17:45.025082,4,166.29,665.16,New York,Online,0.22593355955936575,8
20,64,235,2024-02-04 02:15:10.793383,10,855.67,8556.699999999999,New York,Offline,0.21106479206433204,3
21,30,104,2023-07-18 01:25:40.663706,43,792.64,34083.52,Chicago,Online,0.07264117579742076,7
22,37,210,2024-02-11 06:50:13.323863,40,660.84,26433.600000000002,Chicago,Offline,0.23448445362429865,10
23,56,883,2024-03-31 19:59:24.030646,43,395.26,16996.18,Chicago,Offline,0.2846059521643018,3
24,73,439,2023-08-09 02:34:21.098446,61,504.62,30781.82,New York,Offline,0.07864847479712873,1
25,67,154,2023-08-04 07:52:41.558056,66,690.69,45585.54,Houston,Offline,0.26454371064080384,2
26,53,356,2023-09-16 22:22:27.318287,57,297.4,16951.8,Chicago,Offline,0.01413595937069949,9
27,8,101,2024-02-10 23:36:16.936728,23,585.77,13472.71,New York,Offline,0.04554820509846138,8
28,100,711,2023-09-03 14:05:17.379792,81,143.19,11598.39,Houston,Online,0.17058775535862442,3
29,18,427,2023-11-26 00:30:32.565158,89,727.85,64778.65,Phoenix,Online,0.10574867906875758,10
30,51,553,2024-05-17 13:36:08.586493,92,633.54,58285.67999999999,New York,Online,0.09341646532865612,2
31,7,660,2023-09-22 09:27:39.488617,12,541.06,6492.719999999999,New York,Offline,0.0875773254876054,6
32,76,8,2024-05-10 11:06:21.712381,26,658.51,17121.26,Chicago,Online,0.009220465675545042,8
33,9,215,2024-06-05 00:08:49.519384,22,37.11,816.42,New York,Offline,0.1982071670067249,4
34,10,533,2023-11-15 04:41:36.915842,17,808.52,13744.84,New York,Online,0.08586521276213488,9
35,82,438,2023-08-26 02:01:38.208272,47,661.31,31081.569999999996,Chicago,Offline,0.2618224538473943,5
36,4,67,2023-12-25 06:58:53.651470,96,65.93,6329.280000000001,Houston,Online,0.23834170175392805,6
37,23,447,2023-09-02 06:47:53.746391,65,102.59,6668.35,New York,Offline,0.23426471189074735,3
38,1,107,2024-06-07 20:00:20.364062,16,110.13,1762.08,Houston,Online,0.011551799234041581,8
39,30,713,2023-08-26 04:01:40.549003,19,792.64,15060.16,Los Angeles,Online,0.2169510151230206,4
40,4,769,2023-07-03 02:07:55.888801,23,65.93,1516.39,Houston,Offline,0.29749855179320156,5
41,31,862,2023-10-25 00:55:47.662709,53,811.18,42992.54,Houston,Online,0.050124016255022594,7
42,26,239,2023-12-19 04:15:25.192854,44,767.33,33762.520000000004,Phoenix,Offline,0.2216291808692625,7
43,39,414,2023-09-19 01:30:38.338755,39,581.5,22678.5,Chicago,Offline,0.029553365644439587,9
44,67,288,2024-01-29 11:34:50.470842,6,690.69,4144.14,Los Angeles,Online,0.2853811453224148,2
45,44,32,2024-02-18 13:46:28.877968,53,912.27,48350.31,Los Angeles,Online,0.262279530002308,4
46,87,549,2023-11-22 12:13:46.746739,39,441.02,17199.78,Chicago,Online,0.2561641689172586,4
47,98,329,2024-05-10 16:40:38.723173,22,31.4,690.8,Chicago,Online,0.15265195324534261,4
48,54,62,2024-02-08 23:53:20.993749,18,634.06,11413.079999999998,New York,Online,0.29742003498431946,10
49,59,188,2023-08-31 19:03:33.664039,76,615.15,46751.4,Houston,Online,0.24563804686479213,10
50,94,692,2024-02-17 15:00:22.622213,18,232.97,4193.46,Houston,Offline,0.09255939824568385,1
51,73,791,2023-08-16 20:05:56.453135,42,504.62,21194.04,Phoenix,Online,0.06418957340162819,8
52,50,303,2023-07-08 05:00:54.822619,84,44.07,3701.88,Houston,Offline,0.025487712663088444,6
53,84,888,2023-08-15 16:56:57.512491,65,408.88,26577.2,New York,Offline,0.12136878078116979,3
54,50,11,2024-05-28 16:45:04.967518,48,44.07,2115.36,Houston,Online,0.039494373914696776,1
55,60,941,2023-12-01 01:57:03.156794,31,910.53,28226.43,Chicago,Online,0.05447573934358125,8
56,6,747,2023-07-04 18:38:20.282570,66,364.75,24073.5,New York,Offline,0.15353700261545233,10
57,4,786,2023-07-19 21:03:51.812244,54,65.93,3560.2200000000003,Chicago,Online,0.11024363495855437,8
58,88,286,2023-09-07 16:45:51.299278,25,199.78,4994.5,Los Angeles,Offline,0.2633478724483336,10
59,25,669,2024-03-22 04:20:26.572699,31,841.3,26080.3,New York,Offline,0.07637820505612071,1
60,24,377,2023-07-25 16:57:33.029376,90,543.29,48896.1,Los Angeles,Offline,0.14835032204132426,6
61,63,891,2023-08-14 22:18:41.292906,37,173.34,6413.58,Phoenix,Online,0.24035216395078549,7
62,51,907,2024-03-27 23:16:37.756582,35,633.54,22173.899999999998,Los Angeles,Offline,0.23145438371474586,7
63,81,304,2024-06-16 00:35:32.282196,85,374.79,31857.15,Houston,Offline,0.2948692713306171,10
64,64,850,2024-06-06 21:11:46.837032,75,855.67,64175.25,Houston,Online,0.19123595011270458,10
65,63,475,2023-11-01 06:47:56.115090,73,173.34,12653.82,Chicago,Online,0.013551590252605038,8
66,60,733,2024-02-29 06:11:39.231187,84,910.53,76484.52,Houston,Online,0.2255813865152776,3
67,55,813,2024-05-15 12:29:02.136663,17,177.22,3012.74,Los Angeles,Online,0.12857106336413104,8
68,21,187,2024-02-19 14:00:28.504830,96,709.19,68082.24,Houston,Offline,0.09827452891000418,9
69,89,860,2024-05-18 13:56:46.487929,3,650.49,1951.47,Los Angeles,Offline,0.2339684979360761,5
70,23,725,2024-03-16 21:22:47.538059,76,102.59,7796.84,Houston,Offline,0.19911319322330742,1
71,18,851,2023-09-04 23:45:53.884546,29,727.85,21107.65,Houston,Online,0.0995891206940943,1
72,67,275,2024-04-10 22:48:14.005171,65,690.69,44894.850000000006,Los Angeles,Offline,0.15845438943155435,1
73,63,791,2023-08-17 21:14:52.215749,24,173.34,4160.16,Houston,Online,0.21650660272092187,5
74,81,720,2024-04-24 09:31:27.646909,75,374.79,28109.25,New York,Online,0.2469890803185127,9
75,5,777,2023-10-19 08:18:23.187327,50,498.41,24920.5,Los Angeles,Online,0.2863922370125754,2
76,17,725,2023-11-02 03:02:03.188108,8,545.48,4363.84,Chicago,Online,0.017357875257670106,7
77,23,458,2023-12-03 17:57:54.434990,41,102.59,4206.1900000000005,Houston,Offline,0.08259629753076177,7
78,27,35,2024-04-15 14:42:11.837554,16,203.31,3252.96,Los Angeles,Online,0.2958355730365158,1
79,6,453,2024-05-16 12:31:43.035745,89,364.75,32462.75,New York,Offline,0.1064295978725955,7
80,7,469,2023-10-01 07:41:18.756829,15,541.06,8115.9,Chicago,Offline,0.07650315184306918,2
81,85,270,2024-06-10 23:02:25.366132,81,252.96,20489.760000000002,Chicago,Online,0.10182076687856559,5
82,61,557,2023-06-26 17:58:54.509609,94,386.6,36340.4,Phoenix,Offline,0.297645675672321,5
83,72,953,2023-12-05 06:48:05.520173,21,712.89,14970.69,Los Angeles,Offline,0.10043011625854043,1
84,96,700,2023-10-13 05:33:55.695097,52,449.57,23377.64,Houston,Online,0.12257718765631005,4
85,95,867,2023-07-02 13:51:05.222020,92,282.82,26019.44,Phoenix,Offline,0.19905418630025273,7
86,98,603,2023-08-01 06:39:42.255232,74,31.4,2323.6,Los Angeles,Online,0.27915558961553594,4
87,39,18,2023-11-28 08:30:19.219617,91,581.5,52916.5,Phoenix,Offline,0.0015310021980570743,5
88,56,779,2024-01-02 05:37:16.472740,22,395.26,8695.72,New York,Online,0.2290787974712373,1
89,28,927,2023-09-25 22:21:11.824341,58,692.81,40182.979999999996,New York,Online,0.10509402542928968,9
90,82,966,2023-10-19 05:46:04.411588,99,661.31,65469.689999999995,Houston,Online,0.14815678466005835,3
91,55,625,2023-09-20 06:32:07.276389,83,177.22,14709.26,Houston,Online,0.07361652195846351,6
92,17,709,2023-12-01 07:15:16.120433,95,545.48,51820.6,Los Angeles,Offline,0.10775836765457938,3
93,47,456,2023-07-07 07:47:34.508137,39,879.75,34310.25,Phoenix,Offline,0.08677018044240122,3
94,5,238,2023-09-13 04:18:26.928730,12,498.41,5980.92,Houston,Online,0.27072055205780204,8
95,77,831,2023-10-25 09:51:22.661074,31,894.45,27727.95,New York,Offline,0.16145404819866663,9
96,31,59,2024-01-02 20:41:58.730376,33,811.18,26768.94,Houston,Online,0.206332466806294,1
97,1,593,2024-06-23 06:56:05.515166,55,110.13,6057.15,New York,Offline,0.09631897023262655,9
98,47,524,2023-12-06 06:16:02.694835,12,879.75,10557.0,Phoenix,Online,0.15697353910079967,6
99,24,174,2023-08-25 22:44:54.206195,31,543.29,16841.989999999998,Chicago,Online,0.19736474224048314,2
100,44,737,2024-02-18 02:04:41.803434,91,912.27,83016.56999999999,Los Angeles,Offline,0.2520300804213815,8
101,24,636,2024-04-29 00:31:01.644140,57,543.29,30967.53,Houston,Offline,0.03336230295720572,6
102,29,910,2023-08-11 19:11:21.792862,48,423.32,20319.36,Houston,Online,0.19201594928437857,4
103,47,593,2023-06-25 02:20:39.936428,16,879.75,14076.0,Houston,Online,0.19702772244990469,8
104,20,55,2023-09-01 16:26:51.186238,59,942.28,55594.52,Los Angeles,Offline,0.2513364339363145,4
105,96,774,2023-12-11 12:34:43.892774,94,449.57,42259.58,Houston,Online,0.13355381872645722,3
106,15,12,2024-01-08 15:57:35.278202,88,385.9,33959.2,Houston,Online,0.08838121718176929,8
107,50,561,2023-06-26 02:47:00.542400,38,44.07,1674.66,Chicago,Online,0.2723499050627399,7
108,50,567,2023-07-01 04:32:27.281075,68,44.07,2996.76,New York,Offline,0.08838613578948845,3
109,30,840,2024-01-11 20:04:00.426737,68,792.64,53899.52,Phoenix,Offline,0.11859369910766197,8
110,57,808,2023-07-14 17:00:21.609923,14,872.43,12214.019999999999,New York,Online,0.15037291097714212,3
111,34,524,2023-12-22 17:03:41.942320,20,596.16,11923.199999999999,Phoenix,Offline,0.006661556977721017,1
112,98,172,2023-08-05 21:04:23.069387,74,31.4,2323.6,Los Angeles,Online,0.008454740958789087,8
113,89,730,2023-10-27 15:43:56.995181,26,650.49,16912.74,New York,Online,0.08605696099227837,9
114,35,357,2023-12-21 11:30:59.441434,32,286.14,9156.48,Phoenix,Offline,0.18367695192374092,9
115,31,379,2024-05-04 10:58:04.160303,44,811.18,35691.92,Phoenix,Online,0.25136083188684116,1
116,47,402,2024-01-14 10:43:38.023234,86,879.75,75658.5,New York,Online,0.27786790380451737,6
117,43,95,2024-05-18 09:12:40.810907,19,564.02,10716.38,Houston,Offline,0.026022025239855917,9
118,93,276,2023-10-17 03:53:25.111828,33,315.51,10411.83,New York,Offline,0.25669121347439944,4
119,18,637,2024-03-24 12:33:45.455733,15,727.85,10917.75,Phoenix,Offline,0.0978417862790027,3
120,70,310,2024-04-02 05:10:02.400133,90,601.72,54154.8,Los Angeles,Online,0.1579898627964372,6
121,2,512,2023-08-27 17:49:03.660271,73,668.0,48764.0,New York,Online,0.2043427209369107,1
122,10,915,2024-04-21 11:42:32.777430,37,808.52,29915.239999999998,Houston,Online,0.03856537818988206,8
123,96,379,2023-08-03 04:57:56.562810,96,449.57,43158.72,Phoenix,Online,0.05413029128691612,1
124,36,789,2023-12-14 16:42:25.500575,32,57.18,1829.76,New York,Offline,0.21046738002607268,6
125,36,481,2024-02-26 10:39:06.765938,65,57.18,3716.7,Houston,Online,0.28405134350840605,3
126,77,533,2023-08-07 05:21:52.463331,31,894.45,27727.95,Chicago,Offline,0.009399616316336656,7
127,31,930,2023-08-29 21:04:33.362328,13,811.18,10545.34,Los Angeles,Online,0.0003936901492699096,6
128,65,202,2024-02-07 08:20:18.896699,15,428.48,6427.200000000001,New York,Offline,0.29117068303182064,8
129,54,964,2023-10-03 10:49:03.415267,61,634.06,38677.659999999996,Houston,Online,0.06294259028789018,9
130,44,668,2024-05-19 13:06:42.431982,29,912.27,26455.829999999998,Chicago,Offline,0.07804199224352498,7
131,81,710,2024-05-04 02:16:47.038382,62,374.79,23236.98,New York,Offline,0.12021071747452197,1
132,96,385,2024-05-08 03:04:46.363752,76,449.57,34167.32,Phoenix,Online,0.023660855376165257,2
133,62,613,2024-03-26 02:56:28.249013,87,682.56,59382.719999999994,Phoenix,Offline,0.2801398773560418,2
134,95,66,2023-09-17 21:33:59.464388,47,282.82,13292.539999999999,Houston,Offline,0.15073156468036628,8
135,49,986,2023-11-23 11:22:53.100923,38,239.33,9094.54,New York,Offline,0.14660905652783948,1
136,74,462,2023-10-05 08:42:57.216238,36,276.68,9960.48,New York,Offline,0.00861760802963417,10
137,33,684,2023-07-16 18:55:20.751158,27,126.69,3420.63,Los Angeles,Online,0.022747534195636798,9
138,74,253,2023-12-20 02:03:50.208837,44,276.68,12173.92,Chicago,Online,0.041746257456748925,8
139,44,607,2024-01-21 19:16:41.473067,79,912.27,72069.33,New York,Online,0.03176040322593304,5
140,6,524,2023-07-29 19:52:49.201958,60,364.75,21885.0,Los Angeles,Online,0.0017181143459750858,3
141,12,321,2023-06-25 07:55:23.282726,30,510.37,15311.1,Houston,Online,0.11353674146698443,3
142,81,758,2023-08-03 01:10:59.437542,43,374.79,16115.970000000001,Chicago,Online,0.11810813094583247,2
143,2,623,2023-12-07 10:44:12.725212,20,668.0,13360.0,New York,Online,0.011259551662944511,6
144,94,161,2023-10-07 17:27:46.806985,78,232.97,18171.66,Los Angeles,Online,0.04642835605807709,7
145,95,962,2023-10-02 03:39:36.334269,76,282.82,21494.32,Phoenix,Offline,0.15445385423438834,3
146,60,500,2024-03-15 03:58:11.524189,81,910.53,73752.93,Phoenix,Offline,0.008128125997351876,2
147,99,55,2024-03-25 09:32:41.602573,8,275.51,2204.08,Chicago,Offline,0.20346534734844757,1
148,3,126,2023-11-05 08:58:06.666634,26,635.12,16513.12,Chicago,Online,0.09485363497113071,10
149,4,292,2023-12-04 02:00:48.409975,70,65.93,4615.1,Chicago,Offline,0.2630629852209655,6
150,3,760,2023-11-29 04:26:49.200638,20,635.12,12702.4,New York,Offline,0.17886386717776825,7
151,97,319,2023-12-19 12:36:08.699957,5,837.67,4188.349999999999,Houston,Offline,0.04605890260612838,7
152,48,450,2023-07-15 17:54:40.337834,49,817.72,40068.28,New York,Offline,0.2762269242620102,6
153,3,424,2023-11-24 01:53:17.803397,89,635.12,56525.68,Houston,Online,0.15457415357231769,3
154,22,176,2024-05-04 08:48:28.245223,9,345.43,3108.87,Chicago,Online,0.03630151663770905,6
155,90,986,2024-03-07 13:26:59.032880,94,97.75,9188.5,Phoenix,Online,0.08131150744244117,9
156,79,296,2024-01-25 00:31:17.140524,45,685.21,30834.45,New York,Online,0.01844133927370347,7
157,95,529,2024-05-29 11:06:23.620291,56,282.82,15837.92,Chicago,Offline,0.05087393625801606,9
158,94,373,2024-03-30 00:23:39.959145,45,232.97,10483.65,New York,Offline,0.0667601645999618,10
159,39,503,2024-06-03 01:17:43.977080,41,581.5,23841.5,Chicago,Online,0.28193181481601426,2
160,88,717,2024-02-21 16:32:53.127690,74,199.78,14783.72,New York,Offline,0.2083754652412336,2
161,90,177,2024-04-22 02:50:18.958222,85,97.75,8308.75,Chicago,Online,0.2683126742777074,10
162,20,178,2023-10-14 01:42:07.760650,43,942.28,40518.04,Chicago,Offline,0.08318613542381877,1
163,47,866,2023-12-03 00:30:51.965290,17,879.75,14955.75,Houston,Online,0.24178353930843358,4
164,35,499,2023-06-30 15:10:41.218064,30,286.14,8584.199999999999,Los Angeles,Online,0.14769997787265432,8
165,23,263,2023-11-12 22:32:21.023070,78,102.59,8002.02,Los Angeles,Offline,0.11589662270838741,7
166,7,995,2024-04-24 01:55:56.273094,57,541.06,30840.42,New York,Online,0.1336496968381632,9
167,23,844,2024-04-05 00:52:31.633231,20,102.59,2051.8,New York,Online,0.07630025934082253,4
168,98,48,2024-03-05 07:32:30.073899,42,31.4,1318.8,Phoenix,Offline,0.15217686279038858,3
169,34,170,2023-12-23 22:22:46.284511,66,596.16,39346.56,New York,Online,0.09792234208960163,9
170,78,52,2023-08-29 09:36:47.279804,39,858.53,33482.67,Phoenix,Online,0.04811640848350542,5
171,44,330,2024-04-29 23:35:44.831425,65,912.27,59297.549999999996,Phoenix,Offline,0.14091809610098058,3
172,49,706,2023-08-18 08:48:36.050044,89,239.33,21300.370000000003,Los Angeles,Online,0.08144644209304973,7
173,49,924,2023-10-01 15:01:50.202663,97,239.33,23215.010000000002,Chicago,Online,0.1109800526291443,1
174,60,110,2023-08-14 16:54:23.349737,16,910.53,14568.48,Houston,Offline,0.16804910288823832,7
175,9,840,2023-10-12 06:08:30.340856,63,37.11,2337.93,Phoenix,Online,0.20313344240390444,3
176,2,74,2023-10-16 22:01:28.423824,34,668.0,22712.0,New York,Offline,0.2380620383347096,8
177,62,294,2023-10-04 09:04:49.458935,74,682.56,50509.439999999995,New York,Online,0.19964179431434928,2
178,21,708,2024-03-09 13:04:29.779455,3,709.19,2127.57,Chicago,Online,0.2860567783920161,6
179,83,129,2023-10-22 14:28:15.321695,46,166.29,7649.339999999999,Los Angeles,Offline,0.12060349778180217,7
180,5,258,2024-01-21 21:30:01.816588,66,498.41,32895.060000000005,New York,Offline,0.11868697195869495,1
181,3,308,2024-04-21 07:01:15.697269,8,635.12,5080.96,New York,Offline,0.07442786249574466,6
182,58,402,2023-08-13 15:04:26.016334,8,426.95,3415.6,Chicago,Offline,0.1301920801485026,5
183,44,715,2024-04-16 02:51:03.835566,60,912.27,54736.2,Phoenix,Offline,0.08426138349851023,1
184,51,279,2024-02-16 11:24:15.959739,42,633.54,26608.68,Chicago,Offline,0.2775675700689542,8
185,25,845,2024-01-24 02:59:52.595884,54,841.3,45430.2,New York,Offline,0.20376004360315292,10
186,32,961,2024-04-20 16:11:23.128959,36,443.23,15956.28,Los Angeles,Offline,0.2918922845460779,1
187,10,209,2023-08-06 15:01:42.237954,58,808.52,46894.159999999996,Houston,Offline,0.02508051585457599,4
188,9,501,2023-08-15 07:51:56.071334,27,37.11,1001.97,Los Angeles,Offline,0.10632547953557027,7
189,28,274,2023-10-06 11:17:25.831985,39,692.81,27019.589999999997,New York,Online,0.17671031594783038,4
190,7,778,2024-01-24 05:42:05.749085,38,541.06,20560.28,Chicago,Online,0.1757610094643319,4
191,64,594,2024-06-18 15:59:50.667806,19,855.67,16257.73,Houston,Offline,0.08711869864153883,10
192,84,418,2023-07-25 22:10:50.782572,95,408.88,38843.6,Chicago,Online,0.23916951852106266,6
193,75,510,2023-08-16 07:41:27.198789,70,998.02,69861.4,New York,Offline,0.28295330416865533,7
194,89,982,2023-08-27 05:08:10.577304,38,650.49,24718.62,Chicago,Offline,0.14791551800298564,2
195,83,13,2024-04-26 01:03:27.466626,2,166.29,332.58,Chicago,Offline,0.20125273310662423,8
196,66,324,2023-11-13 03:43:26.928767,2,440.87,881.74,New York,Online,0.11382615626122022,6
197,55,659,2023-10-19 23:23:35.594031,18,177.22,3189.96,Phoenix,Online,0.1033254050473157,3
198,99,960,2023-12-18 17:40:29.123733,55,275.51,15153.05,Houston,Offline,0.25450613345096823,6
199,67,615,2023-10-04 07:37:04.512291,91,690.69,62852.79000000001,Phoenix,Online,0.25468903274234134,3
200,51,315,2023-11-29 19:33:58.198856,48,633.54,30409.92,Los Angeles,Offline,0.21864039833754384,9
201,24,989,2023-06-28 22:07:08.138753,15,543.29,8149.349999999999,New York,Offline,0.042902984972133774,4
202,33,619,2023-08-25 04:20:19.036248,81,126.69,10261.89,Los Angeles,Offline,0.01606259284346423,8
203,33,706,2023-12-05 12:54:40.518104,80,126.69,10135.2,Phoenix,Online,0.034184980903820425,6
204,74,123,2023-07-13 04:26:23.719405,16,276.68,4426.88,New York,Offline,0.22109992905014533,3
205,26,660,2024-01-27 07:51:42.751023,1,767.33,767.33,Houston,Offline,0.07345697774248872,5
206,34,167,2023-07-21 06:23:00.332676,97,596.16,57827.52,New York,Offline,0.24644968763569314,3
207,10,287,2024-01-27 03:33:15.162664,88,808.52,71149.76,Los Angeles,Offline,0.17635305879966295,6
208,42,313,2024-04-04 02:40:54.642251,42,144.76,6079.92,Phoenix,Offline,0.2719138225002779,5
209,57,136,2023-10-09 07:00:18.668889,30,872.43,26172.899999999998,Houston,Online,0.0877069492287163,7
210,84,632,2023-12-17 15:53:31.834930,39,408.88,15946.32,Phoenix,Online,0.1383445086377187,7
211,4,834,2024-06-18 02:50:31.888327,12,65.93,791.1600000000001,Los Angeles,Online,0.18746954733880733,2
212,7,885,2024-04-13 00:15:45.596817,26,541.06,14067.559999999998,New York,Online,0.05433105752819915,6
213,28,350,2024-01-11 11:04:03.390610,58,692.81,40182.979999999996,Chicago,Offline,0.04693721472339644,6
214,75,73,2024-01-01 16:03:04.131599,30,998.02,29940.6,Chicago,Online,0.18471613583369131,9
215,9,978,2024-06-20 06:12:09.899651,65,37.11,2412.15,Houston,Online,0.11360948459123284,9
216,61,601,2024-05-16 19:01:49.329412,35,386.6,13531.0,New York,Offline,0.1364400896049416,5
217,42,191,2023-06-25 08:53:00.933670,82,144.76,11870.32,Chicago,Offline,0.1431002508004702,3
218,39,399,2023-10-06 07:01:25.086423,41,581.5,23841.5,Los Angeles,Online,0.10632666978060813,8
219,6,922,2023-10-29 11:32:11.119923,4,364.75,1459.0,Los Angeles,Online,0.0011930434713582016,7
220,30,115,2024-01-05 04:47:37.574020,45,792.64,35668.8,Chicago,Offline,0.21023892787870466,8
221,42,304,2024-06-05 15:22:21.563589,39,144.76,5645.639999999999,Phoenix,Online,0.24050912010298464,10
222,14,569,2024-03-09 02:52:17.555453,26,766.29,19923.54,New York,Online,0.069128647427838,9
223,78,943,2023-10-21 13:54:39.062624,9,858.53,7726.7699999999995,Phoenix,Online,0.17638760567755876,1
224,6,307,2024-06-06 11:40:57.873717,56,364.75,20426.0,Chicago,Online,0.058879102489445334,2
225,41,9,2023-09-29 19:31:09.242402,20,395.02,7900.4,Phoenix,Offline,0.17096604255188383,7
226,92,430,2024-04-02 23:01:21.213065,79,263.87,20845.73,Houston,Online,0.09861533143458977,6
227,97,103,2024-05-11 04:48:00.534317,65,837.67,54448.549999999996,New York,Online,0.13180478149504707,10
228,49,819,2023-11-06 14:14:05.630428,97,239.33,23215.010000000002,Houston,Online,0.00972964176320723,9
229,97,170,2023-12-29 09:10:39.619781,61,837.67,51097.869999999995,Chicago,Online,0.26938819826478255,6
230,95,606,2024-05-14 12:13:57.012816,93,282.82,26302.26,Los Angeles,Online,0.07863417512586607,2
231,11,620,2023-09-11 14:26:37.306282,68,837.62,56958.16,Chicago,Online,0.21051940450248746,7
232,43,266,2023-11-11 02:47:00.138228,8,564.02,4512.16,Los Angeles,Offline,0.12843698352372765,3
233,39,455,2024-05-19 11:51:01.274228,97,581.5,56405.5,Los Angeles,Offline,0.015191365403748191,8
234,64,896,2023-11-15 12:05:16.691200,77,855.67,65886.59,Phoenix,Offline,0.09697885178588073,10
235,3,778,2023-07-04 23:54:40.445267,68,635.12,43188.16,New York,Offline,0.022795894290165708,10
236,39,706,2023-08-01 14:45:10.110431,67,581.5,38960.5,Phoenix,Online,0.19685309402816117,6
237,47,989,2023-07-15 09:00:43.893436,14,879.75,12316.5,New York,Online,0.017781562675178997,4
238,48,687,2024-04-03 13:59:19.915726,77,817.72,62964.44,Chicago,Offline,0.17995051989042346,7
239,66,91,2023-08-18 18:54:03.022807,31,440.87,13666.97,New York,Online,0.23101658530201685,7
240,74,544,2024-02-25 15:43:37.397322,41,276.68,11343.880000000001,Los Angeles,Offline,0.17089112065029016,5
241,91,771,2024-06-11 21:33:24.521401,53,214.67,11377.51,Houston,Offline,0.27649543908949226,3
242,97,263,2024-05-29 10:21:20.389127,11,837.67,9214.369999999999,Los Angeles,Offline,0.2689270498573295,6
243,4,833,2023-08-18 02:54:53.306296,55,65.93,3626.1500000000005,Los Angeles,Offline,0.2545481806138936,7
244,78,320,2024-01-03 11:28:21.770946,79,858.53,67823.87,New York,Online,0.06808348323612047,9
245,61,649,2024-02-20 11:30:59.916707,79,386.6,30541.4,Phoenix,Online,0.04263842389339897,5
246,15,923,2023-12-05 07:59:33.910774,7,385.9,2701.2999999999997,Los Angeles,Online,0.04634179440018673,5
247,10,380,2024-06-17 06:55:22.957010,13,808.52,10510.76,Los Angeles,Offline,0.29703675369940963,8
248,61,232,2024-04-06 16:46:57.350039,95,386.6,36727.0,Houston,Offline,0.2175781664500076,9
249,1,701,2024-02-17 13:49:21.420426,54,110.13,5947.0199999999995,Houston,Offline,0.09261862971038651,7
250,98,617,2023-10-02 18:01:31.617784,6,31.4,188.39999999999998,New York,Offline,0.06737392482439286,2
251,4,394,2024-01-19 12:40:34.479451,90,65.93,5933.700000000001,Los Angeles,Online,0.2506543403222686,4
252,98,532,2024-02-24 02:18:07.290916,97,31.4,3045.7999999999997,Houston,Offline,0.07134091929565217,1
253,44,180,2023-08-16 03:07:34.397100,60,912.27,54736.2,Chicago,Online,0.13231388119292672,9
254,46,985,2023-11-11 17:22:17.036707,54,623.72,33680.880000000005,Phoenix,Offline,0.11684497984743893,10
255,10,711,2024-03-11 07:33:18.885965,82,808.52,66298.64,Los Angeles,Offline,0.26080335829073636,6
256,73,444,2023-11-13 09:11:44.518189,13,504.62,6560.06,Los Angeles,Offline,0.15442614031686047,6
257,85,692,2023-09-12 18:25:41.504211,47,252.96,11889.12,Los Angeles,Offline,0.19622301963895422,4
258,69,526,2024-04-06 04:01:14.474249,37,422.5,15632.5,Phoenix,Offline,0.2061063912276198,6
259,31,134,2024-06-03 22:38:38.570190,83,811.18,67327.94,Phoenix,Offline,0.12104965121968905,9
260,100,93,2024-01-24 01:35:58.331536,4,143.19,572.76,Los Angeles,Online,0.09586050159683034,7
261,41,908,2023-12-30 16:51:37.935665,25,395.02,9875.5,Chicago,Offline,0.22141281752676498,1
262,10,53,2024-01-17 15:08:40.943666,38,808.52,30723.76,Los Angeles,Offline,0.15376444238077935,5
263,48,499,2024-05-21 19:45:35.600619,8,817.72,6541.76,Houston,Offline,0.06051380686439804,9
264,47,284,2024-02-08 16:04:40.583539,43,879.75,37829.25,Chicago,Offline,0.19617433954038194,3
265,77,189,2024-02-18 09:15:23.566682,75,894.45,67083.75,Phoenix,Online,0.2502772699947138,1
266,64,844,2023-08-12 19:38:36.329336,90,855.67,77010.3,Chicago,Offline,0.061396425473651615,4
267,8,523,2024-04-20 19:36:06.423358,94,585.77,55062.38,Houston,Online,0.2102001780164256,4
268,92,552,2023-11-09 16:09:44.674356,19,263.87,5013.53,Los Angeles,Online,0.21400919656517728,9
269,71,363,2023-12-30 23:07:35.349532,28,430.47,12053.16,New York,Online,0.16828959399916343,9
270,72,195,2023-10-16 13:10:05.120298,15,712.89,10693.35,New York,Online,0.13832820586443859,10
271,26,176,2023-06-26 22:37:26.529938,43,767.33,32995.19,Houston,Offline,0.29863678484823025,8
272,20,616,2024-02-19 19:43:34.283626,79,942.28,74440.12,Chicago,Offline,0.04644085925676415,5
273,1,469,2023-10-29 16:19:11.103689,64,110.13,7048.32,Los Angeles,Offline,0.08198571441773674,6
274,10,316,2024-02-02 00:32:16.729828,17,808.52,13744.84,Los Angeles,Offline,0.2383092386921814,5
275,87,931,2024-03-29 19:06:25.489835,5,441.02,2205.1,Los Angeles,Offline,0.13776875984174802,4
276,67,22,2023-10-07 21:32:00.822722,36,690.69,24864.840000000004,Chicago,Online,0.237345460693475,2
277,13,645,2023-09-16 01:01:58.303495,42,807.45,33912.9,Houston,Online,0.23339487560598318,9
278,31,225,2024-01-14 01:21:55.669898,53,811.18,42992.54,New York,Online,0.1310869742099082,7
279,62,961,2023-08-06 20:31:56.476067,21,682.56,14333.759999999998,Phoenix,Online,0.09685065349770437,10
280,29,662,2023-07-08 06:34:27.696414,64,423.32,27092.48,Phoenix,Online,0.14670032962309223,4
281,52,363,2023-08-23 15:40:02.822805,24,36.14,867.36,Houston,Online,0.2710176233125008,3
282,19,310,2023-07-25 12:03:12.181092,10,812.25,8122.5,Los Angeles,Online,0.081441236605889,9
283,81,113,2024-05-19 11:58:44.807723,66,374.79,24736.140000000003,New York,Offline,0.1387206234336176,2
284,97,812,2023-10-19 22:37:31.374480,50,837.67,41883.5,Los Angeles,Offline,0.2846658568939095,7
285,51,871,2024-03-27 16:14:46.561913,3,633.54,1900.62,Phoenix,Offline,0.2528872331317333,10
286,61,372,2023-07-14 21:04:56.512193,48,386.6,18556.800000000003,Chicago,Online,0.09233738245677499,7
287,28,733,2024-03-22 15:28:29.515414,78,692.81,54039.17999999999,Chicago,Online,0.006093879848117245,4
288,41,131,2024-01-12 10:45:22.989631,28,395.02,11060.56,Phoenix,Offline,0.0031378560330529103,10
289,35,3,2023-11-21 02:08:50.523911,30,286.14,8584.199999999999,Chicago,Online,0.16889076283477653,4
290,23,916,2023-12-20 16:38:35.239995,5,102.59,512.95,Chicago,Offline,0.20099462585079128,9
291,35,437,2024-06-15 19:25:19.554154,18,286.14,5150.5199999999995,Los Angeles,Online,0.10398754156498531,4
292,33,945,2024-06-10 10:59:47.030459,11,126.69,1393.59,Houston,Offline,0.15395809296246407,5
293,68,375,2024-01-02 15:56:36.305176,35,868.4,30394.0,New York,Online,0.08805874413506758,3
294,77,199,2024-05-12 23:27:12.459105,33,894.45,29516.850000000002,New York,Online,0.20020131265119226,4
295,96,423,2023-08-13 08:05:16.814117,12,449.57,5394.84,Los Angeles,Offline,0.0845755003698302,3
296,50,837,2023-07-06 09:00:26.864067,39,44.07,1718.73,Los Angeles,Online,0.07122777316314077,7
297,62,648,2023-08-03 13:24:15.107197,59,682.56,40271.03999999999,Houston,Online,0.17971018287710255,7
298,69,739,2024-01-12 12:12:24.849168,30,422.5,12675.0,Phoenix,Online,0.2537076888384933,6
299,80,902,2024-03-31 14:46:02.204867,73,31.05,2266.65,New York,Online,0.20409552827399827,5
300,15,205,2024-06-04 12:44:57.869904,99,385.9,38204.1,Los Angeles,Offline,0.20732307901237368,7
301,81,625,2023-11-18 09:10:31.990948,31,374.79,11618.49,Los Angeles,Offline,0.22719513359920596,4
302,80,267,2023-11-08 04:38:26.252746,85,31.05,2639.25,New York,Online,0.16946018340577898,9
303,38,472,2023-11-05 04:06:33.004454,65,616.71,40086.15,Chicago,Offline,0.17175026016818132,2
304,64,746,2024-04-24 10:14:55.289206,90,855.67,77010.3,New York,Offline,0.1400843535056189,10
305,80,452,2023-08-09 00:17:02.621838,83,31.05,2577.15,New York,Offline,0.1977176331148238,3
306,63,189,2023-08-08 18:56:53.265812,8,173.34,1386.72,New York,Offline,0.1390362173573049,6
307,60,222,2023-09-07 05:12:56.536559,42,910.53,38242.26,Phoenix,Online,0.27376531349833766,10
308,95,676,2023-09-19 09:15:06.158688,97,282.82,27433.54,Phoenix,Offline,0.13540926150904356,3
309,59,853,2024-04-21 02:44:32.298526,69,615.15,42445.35,New York,Online,0.26211654536567697,6
310,56,629,2023-11-02 11:49:43.494932,19,395.26,7509.94,Phoenix,Online,0.18790577164580832,10
311,5,642,2023-07-23 05:23:03.548732,47,498.41,23425.27,Phoenix,Offline,0.07405270008295865,5
312,84,798,2023-07-06 23:03:09.668102,42,408.88,17172.96,Houston,Online,0.004266717126262509,5
313,58,795,2024-02-16 08:45:41.013977,37,426.95,15797.15,Chicago,Offline,0.22311912384087504,4
314,90,168,2023-07-18 13:19:17.864011,35,97.75,3421.25,New York,Online,0.20728400416442497,2
315,3,525,2024-02-11 05:55:01.708629,97,635.12,61606.64,Houston,Offline,0.11320568065124226,9
316,5,139,2024-05-09 18:26:06.325853,96,498.41,47847.36,Chicago,Offline,0.08175591519046184,6
317,18,649,2023-08-16 15:37:33.693980,10,727.85,7278.5,Chicago,Online,0.022296079298629045,6
318,28,891,2024-02-20 00:33:09.615313,45,692.81,31176.449999999997,Houston,Offline,0.2518562617407812,10
319,17,5,2024-04-02 12:26:30.965371,65,545.48,35456.200000000004,Chicago,Offline,0.2650946396013207,9
320,57,229,2023-09-18 02:35:30.942262,19,872.43,16576.17,Houston,Online,0.10063891912684998,6
321,65,253,2024-02-24 10:34:41.904478,74,428.48,31707.52,Chicago,Offline,0.17837845738879576,7
322,61,28,2024-04-16 13:27:15.036190,53,386.6,20489.800000000003,Houston,Online,0.28127371247030614,4
323,9,676,2023-08-22 10:14:43.787557,11,37.11,408.21,Phoenix,Online,0.28187471600377517,9
324,52,918,2024-01-10 13:11:55.663187,76,36.14,2746.64,Houston,Offline,0.04183605896929431,4
325,100,360,2024-01-26 16:49:08.754295,12,143.19,1718.28,New York,Offline,0.27327227411680594,3
326,45,392,2023-08-01 10:42:04.252621,74,696.2,51518.8,Houston,Online,0.22596293945655233,8
327,11,642,2023-07-07 20:43:15.536482,95,837.62,79573.9,Los Angeles,Offline,0.10663262058201893,5
328,51,507,2023-08-28 00:33:53.589163,61,633.54,38645.939999999995,Houston,Online,0.2999981489338912,6
329,69,196,2023-11-10 04:25:26.460782,78,422.5,32955.0,Houston,Offline,0.29273022578479957,7
330,82,81,2024-05-16 13:51:38.918072,70,661.31,46291.7,New York,Offline,0.29455498144197007,10
331,100,769,2023-12-18 23:52:21.353544,86,143.19,12314.34,Phoenix,Online,0.24105281997962696,3
332,51,396,2023-07-14 06:12:16.682535,97,633.54,61453.38,Phoenix,Offline,0.2904755941732814,10
333,61,19,2023-11-25 15:46:12.814282,32,386.6,12371.2,Los Angeles,Offline,0.2882040502057475,9
334,59,635,2023-08-19 13:10:56.777185,95,615.15,58439.25,Phoenix,Online,0.17177420788592865,3
335,76,398,2023-12-15 17:02:55.484765,8,658.51,5268.08,Phoenix,Offline,0.20439211895818649,5
336,10,338,2023-11-09 20:09:57.054070,28,808.52,22638.559999999998,Los Angeles,Offline,0.2519834369083134,2
337,27,409,2024-03-17 12:46:08.892568,87,203.31,17687.97,New York,Online,0.03543620069735896,2
338,98,966,2024-01-07 15:48:18.247377,13,31.4,408.2,Houston,Online,0.24171620638993613,6
339,72,790,2023-06-27 06:30:42.099667,73,712.89,52040.97,Phoenix,Offline,0.2433912029374958,4
340,7,186,2023-12-20 22:02:43.566115,36,541.06,19478.159999999996,Los Angeles,Online,0.2507317645743403,3
341,42,429,2024-06-16 11:56:53.218229,79,144.76,11436.039999999999,New York,Online,0.18030830572416728,1
342,15,615,2023-12-24 20:16:22.032650,2,385.9,771.8,Houston,Online,0.2406646908173287,3
343,61,67,2024-03-19 08:47:39.921687,11,386.6,4252.6,New York,Online,0.2690760012133673,3
344,9,492,2024-06-08 02:15:29.730919,89,37.11,3302.79,Chicago,Online,0.043549065081347635,1
345,76,687,2023-08-25 01:46:21.160683,49,658.51,32266.989999999998,Houston,Offline,0.14274155575964287,9
346,46,228,2023-09-01 12:35:19.912663,84,623.72,52392.48,Los Angeles,Offline,0.015950735541895134,2
347,79,778,2024-03-24 01:27:42.062256,59,685.21,40427.39,Houston,Offline,0.023313751133100035,6
348,43,855,2024-03-22 05:14:01.605275,4,564.02,2256.08,Chicago,Offline,0.2207864369675245,10
349,61,853,2023-10-25 02:19:51.423132,37,386.6,14304.2,Los Angeles,Online,0.1759430401156033,6
350,30,997,2023-11-13 14:43:28.448116,74,792.64,58655.36,New York,Offline,0.08775337496875629,7
351,37,158,2023-09-15 21:01:36.671221,73,660.84,48241.32,Los Angeles,Online,0.19088517365357835,3
352,28,12,2024-05-06 11:22:44.945054,68,692.81,47111.079999999994,Chicago,Online,0.28852871616383347,7
353,1,462,2023-10-04 16:05:36.943247,72,110.13,7929.36,New York,Online,0.2035671631733913,9
354,6,566,2024-05-04 17:14:41.684227,51,364.75,18602.25,Houston,Offline,0.07985485268623883,10
355,64,460,2023-10-01 10:30:54.333624,80,855.67,68453.59999999999,Phoenix,Online,0.2594564367872767,2
356,71,975,2023-11-29 01:54:03.836890,6,430.47,2582.82,Phoenix,Online,0.08746207682998358,6
357,44,38,2024-03-03 04:11:29.555898,32,912.27,29192.64,Houston,Offline,0.2221187755333894,8
358,94,57,2024-02-17 03:43:01.414082,11,232.97,2562.67,Chicago,Online,0.24177134386574273,4
359,84,510,2023-09-26 21:49:44.560134,72,408.88,29439.36,Houston,Online,0.158309480643464,7
360,60,372,2024-01-19 05:04:35.041779,68,910.53,61916.04,Houston,Online,0.08876493665448977,2
361,18,602,2023-09-19 15:37:17.474304,36,727.85,26202.600000000002,New York,Online,0.2023506382006009,10
362,48,20,2024-06-18 23:07:17.184870,96,817.72,78501.12,New York,Online,0.04418083739378235,7
363,59,191,2024-01-08 01:37:11.972164,25,615.15,15378.75,Houston,Offline,0.2106547716378588,4
364,49,464,2023-09-06 21:01:33.748757,11,239.33,2632.63,Chicago,Offline,0.26767159295910953,7
365,13,644,2024-01-06 10:23:43.587395,33,807.45,26645.850000000002,Los Angeles,Offline,0.16990731067343837,4
366,70,838,2024-03-21 00:45:29.565320,5,601.72,3008.6000000000004,Phoenix,Online,0.06670180211687647,9
367,37,627,2023-11-21 09:37:00.633473,57,660.84,37667.880000000005,Chicago,Offline,0.05864545192116662,8
368,53,928,2024-02-18 03:58:46.639153,47,297.4,13977.8,Houston,Offline,0.13236160553460055,3
369,92,808,2024-01-18 15:59:27.825890,33,263.87,8707.710000000001,Houston,Online,0.13204756373542328,1
370,76,980,2024-01-07 07:25:13.871361,90,658.51,59265.9,Phoenix,Online,0.07422053532225684,10
371,63,379,2024-01-22 09:21:17.561992,41,173.34,7106.9400000000005,Chicago,Online,0.20782913054948723,3
372,2,567,2023-09-15 09:29:21.228980,63,668.0,42084.0,Chicago,Offline,0.10071872277450367,3
373,10,502,2024-01-27 14:25:22.889485,68,808.52,54979.36,Chicago,Offline,0.08946345190857129,8
374,26,710,2024-05-10 07:31:10.655292,16,767.33,12277.28,Chicago,Online,0.25740873365029693,5
375,64,612,2023-08-29 07:39:57.793065,56,855.67,47917.52,Houston,Offline,0.0550493562837418,7
376,3,936,2024-03-30 03:21:23.579422,45,635.12,28580.4,Los Angeles,Offline,0.0583765102018947,5
377,2,508,2023-09-11 06:27:58.061229,30,668.0,20040.0,New York,Offline,0.22949610810142307,3
378,61,753,2024-02-19 05:28:32.501410,45,386.6,17397.0,Phoenix,Online,0.10800239932562994,7
379,52,765,2024-06-11 18:22:26.996045,16,36.14,578.24,Houston,Online,0.1373864556430194,3
380,28,258,2023-11-27 13:44:52.020773,15,692.81,10392.15,Los Angeles,Online,0.09098059727925902,4
381,63,908,2024-06-08 11:35:40.190140,80,173.34,13867.2,Phoenix,Online,0.054730524587384595,8
382,37,430,2024-03-27 18:10:20.884811,97,660.84,64101.48,New York,Offline,0.16892262752538986,6
383,94,580,2024-06-04 12:25:01.500866,83,232.97,19336.51,Phoenix,Online,0.17219800220340695,6
384,27,537,2023-11-27 21:24:03.417044,65,203.31,13215.15,New York,Online,0.02914960304671231,5
385,93,167,2023-08-03 21:09:07.995550,10,315.51,3155.1,Houston,Online,0.05359469168145616,3
386,3,174,2023-12-04 12:10:57.507935,26,635.12,16513.12,Phoenix,Offline,0.23057902597981353,1
387,50,416,2023-11-10 18:49:26.425128,54,44.07,2379.78,Phoenix,Online,0.24135580912872623,3
388,98,758,2024-03-16 00:01:06.688774,77,31.4,2417.7999999999997,Los Angeles,Offline,0.20784431758946287,9
389,23,5,2023-11-27 18:11:11.752090,20,102.59,2051.8,Chicago,Online,0.2613686684613587,10
390,38,290,2023-07-13 12:58:39.208557,68,616.71,41936.28,Houston,Online,0.11758081885396617,7
391,20,452,2024-04-20 17:22:19.311397,29,942.28,27326.12,Los Angeles,Online,0.2717516687762715,5
392,90,656,2024-02-14 06:36:31.049464,46,97.75,4496.5,Phoenix,Offline,0.1125917290121571,3
393,55,366,2024-06-21 22:49:34.403126,6,177.22,1063.32,Chicago,Offline,0.22210913482208683,7
394,40,13,2023-11-26 13:53:49.856576,51,544.74,27781.74,Houston,Offline,0.14236463682639258,10
395,4,619,2023-11-05 00:20:26.286579,81,65.93,5340.330000000001,New York,Offline,0.24166748331228613,7
396,37,510,2023-08-04 13:47:43.350318,15,660.84,9912.6,Houston,Offline,0.291011983900284,1
397,38,881,2024-01-01 11:41:53.218822,49,616.71,30218.79,Phoenix,Online,0.12554308712366685,9
398,48,103,2024-04-09 01:40:35.036907,1,817.72,817.72,Houston,Online,0.14765236452984534,7
399,57,259,2023-07-17 06:03:45.485658,39,872.43,34024.77,Los Angeles,Online,0.1596250523874955,3
400,70,705,2024-04-13 06:48:36.663169,46,601.72,27679.120000000003,Houston,Offline,0.29824231306970217,8
401,33,312,2023-08-10 09:41:41.409946,84,126.69,10641.96,Los Angeles,Online,0.14160743328177847,8
402,76,249,2023-11-29 07:49:00.202730,96,658.51,63216.96,Chicago,Offline,0.26075709432517374,8
403,22,391,2024-04-07 04:24:19.026143,54,345.43,18653.22,Chicago,Online,0.13490078801424207,6
404,31,371,2023-12-30 00:25:26.442034,60,811.18,48670.799999999996,Los Angeles,Online,0.17390873256981557,9
405,87,849,2024-03-10 05:11:13.517748,39,441.02,17199.78,New York,Online,0.02179256602995312,9
406,61,800,2023-07-20 12:10:29.355840,48,386.6,18556.800000000003,Houston,Offline,0.2200565769213345,7
407,92,412,2024-03-06 06:13:45.786749,88,263.87,23220.56,New York,Online,0.051419128719561336,10
408,15,796,2023-09-02 15:50:33.818076,69,385.9,26627.1,Houston,Offline,0.22814999666428085,5
409,46,21,2024-03-10 07:30:20.445833,54,623.72,33680.880000000005,Phoenix,Online,0.19400822320245922,1
410,98,271,2023-10-22 15:10:13.346606,65,31.4,2041.0,Phoenix,Offline,0.29858622493345377,9
411,12,476,2023-12-12 07:43:07.985671,61,510.37,31132.57,New York,Online,0.11140548524780786,10
412,61,953,2024-03-07 11:57:26.092190,46,386.6,17783.600000000002,New York,Offline,0.19757814489452188,6
413,35,931,2023-07-04 07:12:52.425953,13,286.14,3719.8199999999997,Los Angeles,Offline,0.1188751964308325,9
414,25,651,2024-05-21 12:03:38.869759,68,841.3,57208.399999999994,New York,Online,0.22324849424442897,4
415,74,24,2023-08-09 07:23:16.862571,94,276.68,26007.920000000002,Phoenix,Offline,0.07566849593593912,2
416,27,241,2023-08-28 22:56:40.610736,58,203.31,11791.98,New York,Offline,0.06790471732615541,10
417,38,613,2024-05-07 03:13:45.819343,41,616.71,25285.11,Chicago,Online,0.1368843311521525,4
418,65,317,2024-04-18 12:30:17.063568,3,428.48,1285.44,New York,Offline,0.024924594036792234,3
419,40,339,2024-05-03 23:40:39.403482,10,544.74,5447.4,Chicago,Online,0.2108716395740588,6
420,31,240,2024-04-06 05:39:19.616065,68,811.18,55160.24,Chicago,Online,0.13603573806688066,9
421,26,802,2023-11-14 21:23:58.473840,52,767.33,39901.16,Phoenix,Offline,0.2923873987458625,6
422,17,370,2023-11-21 15:19:30.383215,65,545.48,35456.200000000004,Chicago,Online,0.29340603633023493,9
423,1,147,2024-03-28 22:46:04.765691,54,110.13,5947.0199999999995,Los Angeles,Offline,0.2693288484717769,2
424,19,925,2023-06-29 23:51:41.786854,60,812.25,48735.0,Chicago,Offline,0.09312601672996429,4
425,29,788,2023-09-29 02:14:12.263746,91,423.32,38522.12,Chicago,Online,0.20792561002446888,10
426,45,62,2023-12-10 10:28:03.802580,73,696.2,50822.600000000006,Houston,Offline,0.24677701180980288,3
427,56,607,2024-01-01 04:00:09.815980,68,395.26,26877.68,Houston,Online,0.14672439242900262,7
428,30,21,2023-12-03 08:14:45.212176,31,792.64,24571.84,Los Angeles,Offline,0.11759123339418395,5
429,72,886,2023-09-15 12:56:21.226043,77,712.89,54892.53,Los Angeles,Online,0.007704553473231923,10
430,7,514,2024-01-09 07:22:28.034695,52,541.06,28135.119999999995,Los Angeles,Offline,0.1447783430092152,5
431,32,289,2024-04-23 14:44:39.447177,35,443.23,15513.050000000001,Chicago,Online,0.15792364477841547,1
432,5,481,2024-03-11 09:10:56.840584,6,498.41,2990.46,Los Angeles,Online,0.1371104728893588,10
433,54,968,2024-01-27 04:46:33.889142,22,634.06,13949.32,Chicago,Offline,0.1936283674222311,7
434,23,771,2024-02-12 16:27:32.421720,22,102.59,2256.98,Houston,Offline,0.2857566932826506,2
435,15,861,2024-06-16 09:54:27.891706,32,385.9,12348.8,New York,Offline,0.060377477012182275,1
436,82,368,2024-05-17 02:39:47.842071,29,661.31,19177.989999999998,Chicago,Online,0.06476562843813745,8
437,25,796,2024-03-31 01:56:49.642674,82,841.3,68986.59999999999,Houston,Offline,0.1914058331669883,3
438,65,79,2024-05-31 10:19:37.740032,51,428.48,21852.48,Phoenix,Online,0.08105148557672,7
439,79,993,2024-01-16 08:32:16.081028,52,685.21,35630.92,Phoenix,Offline,0.14679081559920468,10
440,9,102,2023-12-15 03:53:01.289787,61,37.11,2263.71,Houston,Online,0.13231981464056258,1
441,14,611,2023-10-11 21:48:42.875974,18,766.29,13793.22,Houston,Offline,0.29739453319391673,10
442,80,347,2023-10-19 11:31:50.262540,79,31.05,2452.9500000000003,Houston,Offline,0.2357654315219235,3
443,64,578,2023-12-13 04:25:00.530002,57,855.67,48773.189999999995,Chicago,Online,0.0458883022004355,8
444,79,439,2024-05-05 17:30:50.823994,95,685.21,65094.950000000004,Los Angeles,Offline,0.25692475251216706,10
445,50,986,2024-02-17 17:58:40.196270,90,44.07,3966.3,Los Angeles,Offline,0.08527893533671363,7
446,66,326,2023-10-10 16:12:22.612848,46,440.87,20280.02,Los Angeles,Offline,0.040111851898419426,9
447,78,484,2024-04-19 23:55:39.743808,23,858.53,19746.19,Houston,Offline,0.24318209804272667,8
448,87,379,2023-09-30 08:47:39.502346,38,441.02,16758.76,Houston,Offline,0.09464429442196064,9
449,94,463,2024-01-22 20:57:50.435539,13,232.97,3028.61,New York,Offline,0.09913400067139887,3
450,21,818,2023-12-20 11:11:04.554258,10,709.19,7091.900000000001,Los Angeles,Offline,0.12277792833971371,1
451,42,309,2024-05-08 18:51:23.592798,8,144.76,1158.08,Los Angeles,Offline,0.0820672006013425,6
452,51,554,2023-12-20 04:21:16.767632,4,633.54,2534.16,New York,Offline,0.2988247088956619,7
453,76,20,2023-10-29 01:17:39.919736,78,658.51,51363.78,Chicago,Online,0.1866567873015558,1
454,1,112,2023-08-21 06:14:03.778154,22,110.13,2422.8599999999997,Houston,Online,0.22441326815798174,1
455,60,689,2024-01-28 07:45:57.830480,88,910.53,80126.64,Los Angeles,Offline,0.1930769445747127,2
456,49,696,2023-12-20 13:28:47.705952,18,239.33,4307.9400000000005,Los Angeles,Offline,0.15817188851395797,9
457,65,307,2024-03-05 23:30:01.632958,28,428.48,11997.44,Chicago,Online,0.049131445187607335,10
458,3,12,2023-10-24 18:57:08.309338,44,635.12,27945.28,Houston,Offline,0.2493804046481904,4
459,69,469,2023-08-27 08:50:42.113151,29,422.5,12252.5,Chicago,Online,0.018733923575805323,4
460,1,425,2024-06-16 21:07:33.846115,10,110.13,1101.3,New York,Online,0.11168041004454574,9
461,19,530,2023-12-01 03:53:15.382442,33,812.25,26804.25,Chicago,Online,0.07499842680794844,10
462,47,309,2023-08-16 20:10:13.764225,27,879.75,23753.25,Phoenix,Online,0.06027036043113106,7
463,42,20,2023-08-26 21:39:00.193048,3,144.76,434.28,Phoenix,Online,0.06427648813975634,10
464,33,902,2023-07-14 10:57:59.479866,62,126.69,7854.78,New York,Online,0.23017324703948766,4
465,25,328,2024-04-05 03:33:27.859244,80,841.3,67304.0,New York,Online,0.06469469327694115,9
466,36,375,2023-12-07 07:46:15.626655,29,57.18,1658.22,Chicago,Offline,0.08501685035092764,9
467,92,348,2024-05-22 19:17:17.031860,54,263.87,14248.98,Houston,Offline,0.03243746284600563,3
468,35,192,2024-02-18 10:22:46.395587,28,286.14,8011.92,Houston,Offline,0.17923148203027983,9
469,3,784,2023-08-12 15:33:08.699903,90,635.12,57160.8,New York,Online,0.07582621368831535,5
470,27,923,2023-08-01 14:46:06.277458,4,203.31,813.24,Houston,Offline,0.2311637930717641,4
471,74,244,2024-06-14 13:43:40.832271,23,276.68,6363.64,New York,Online,0.042515179929875545,4
472,95,575,2024-05-28 02:27:42.014919,81,282.82,22908.42,Chicago,Online,0.11661051847652262,2
473,56,281,2023-07-15 12:29:26.144114,52,395.26,20553.52,New York,Online,0.20184168477857667,1
474,16,721,2023-12-26 16:56:53.414428,77,914.31,70401.87,Chicago,Offline,0.11895029312571179,9
475,37,570,2023-11-23 08:44:38.589465,17,660.84,11234.28,New York,Online,0.07060607444241375,10
476,8,935,2024-06-22 17:21:40.067360,24,585.77,14058.48,Houston,Offline,0.23259371003785317,4
477,91,996,2024-04-09 11:16:23.094963,14,214.67,3005.3799999999997,New York,Online,0.1411613459470677,6
478,48,853,2023-09-20 13:09:33.474425,72,817.72,58875.840000000004,Houston,Offline,0.2979340446659781,9
479,52,967,2023-07-19 07:23:02.301158,14,36.14,505.96000000000004,Houston,Offline,0.22269763802862996,9
480,8,403,2024-03-27 16:40:10.402402,68,585.77,39832.36,Chicago,Online,0.18880847188727543,8
481,49,495,2023-07-18 02:37:43.664098,67,239.33,16035.11,Chicago,Offline,0.17970833969760902,6
482,38,290,2024-04-03 09:16:21.707882,7,616.71,4316.97,Houston,Online,0.11942123468998028,3
483,100,852,2024-01-04 18:33:35.280367,50,143.19,7159.5,Phoenix,Offline,0.09156127689433241,1
484,85,319,2023-12-03 01:01:18.741681,63,252.96,15936.480000000001,Chicago,Online,0.04398252206728813,6
485,29,676,2024-02-01 06:16:44.250546,49,423.32,20742.68,Houston,Offline,0.2966013853766961,2
486,33,549,2024-05-22 15:40:05.754264,67,126.69,8488.23,Phoenix,Online,0.18053766588286949,2
487,81,876,2024-02-26 10:00:18.570708,93,374.79,34855.47,Phoenix,Offline,0.1993501179928342,1
488,84,338,2023-10-08 01:24:40.310689,94,408.88,38434.72,Houston,Offline,0.23667394790435006,6
489,87,172,2023-10-30 17:40:41.124125,76,441.02,33517.52,Los Angeles,Offline,0.10213613449344076,4
490,99,171,2024-05-04 05:55:59.700507,20,275.51,5510.2,Chicago,Offline,0.18677482191736744,8
491,76,162,2023-07-15 20:56:23.737483,30,658.51,19755.3,Phoenix,Offline,0.0775527728810832,3
492,64,308,2023-11-01 10:57:48.017183,3,855.67,2567.0099999999998,Phoenix,Online,0.2743920572063694,9
493,18,816,2024-02-23 09:06:05.625435,22,727.85,16012.7,Houston,Online,0.09324808989881467,6
494,29,536,2024-02-12 09:02:50.721650,23,423.32,9736.36,Houston,Offline,0.03560297003139706,5
495,89,898,2024-04-02 01:07:01.483893,40,650.49,26019.6,Houston,Offline,0.23860061095700189,9
496,64,187,2023-08-22 19:07:31.852404,20,855.67,17113.399999999998,Houston,Offline,0.1650429646889234,5
497,38,334,2024-03-01 17:14:55.075084,85,616.71,52420.350000000006,Los Angeles,Online,0.09233518730899237,10
498,74,377,2024-04-12 18:16:27.757211,42,276.68,11620.56,New York,Offline,0.11897953809574786,4
499,30,768,2023-12-05 14:26:22.800851,97,792.64,76886.08,New York,Online,0.13874912065022127,9
500,60,472,2023-11-02 00:24:19.321300,97,910.53,88321.41,Los Angeles,Online,0.21467247477516244,4
